Seth,provide,deep,tissue,massage,which,have,significantly,reduce,the,pain,in,my,neck,and,shoulder,and,add,flexibility,and,movement,back,to,the,area,.
m,a,s,s,a,g,e
kneading,and,rubbing,parts,of,the,body,to,increase,circulation,and,promote,relaxation
"
"
let,aggressive,(,american,),leader,and,soldier,know,that,we,be,capable,of,protect,the,city,'s,security,and,safety,",",and,ask,they,to,lift,they,hand,from,the,city,.,""""
h,a,n,d
a,member,of,the,crew,of,a,ship
"
"
let,aggressive,(,american,),leader,and,soldier,know,that,we,be,capable,of,protect,the,city,'s,security,and,safety,",",and,ask,they,to,lift,they,hand,from,the,city,.,""""
h,a,n,d
a,member,of,the,crew,of,a,ship
"
"
name,something,you,find,at,a,carnival,that,come,on,a,stick,?
s,t,i,c,k
a,rectangular,quarter,pound,block,of,butter,or,margarine
"
"
name,something,you,find,at,a,carnival,that,come,on,a,stick,?
s,t,i,c,k
a,rectangular,quarter,pound,block,of,butter,or,margarine
"
"
Rich,be,here,before,the,schedule,time,.
t,i,m,e
an,indefinite,period,(usually,marked,by,specific,attributes,or,activities)
"
"
Rich,be,here,before,the,schedule,time,.
t,i,m,e
an,indefinite,period,(usually,marked,by,specific,attributes,or,activities)
"
"
MFJ,Inc,transform,we,run,down,back,yard,into,a,place,of,beauty,.
p,l,a,c,e
the,particular,portion,of,space,occupied,by,something
"
"
MFJ,Inc,transform,we,run,down,back,yard,into,a,place,of,beauty,.
p,l,a,c,e
the,particular,portion,of,space,occupied,by,something
"
"
he,be,at,he,best,when,he,be,do,he,nerd,impression,...
b,e,s,t
the,supreme,effort,one,can,make
"
"
it,be,a,move,that,really,worry,I,;,Buffett,'s,usual,justification,for,keep,most,of,he,money,be,that,he,be,still,compound,the,value,of,he,fortune,at,a,pretty,high,rate,",",so,any,gift,now,would,mean,significantly,less,money,for,the,foundation,later,.
j,u,s,t,i,f,i,c,a,t,i,o,n
something,(such,as,a,fact,or,circumstance),that,shows,an,action,to,be,reasonable,or,necessary
"
"
it,be,a,move,that,really,worry,I,;,Buffett,'s,usual,justification,for,keep,most,of,he,money,be,that,he,be,still,compound,the,value,of,he,fortune,at,a,pretty,high,rate,",",so,any,gift,now,would,mean,significantly,less,money,for,the,foundation,later,.
j,u,s,t,i,f,i,c,a,t,i,o,n
something,(such,as,a,fact,or,circumstance),that,shows,an,action,to,be,reasonable,or,necessary
"
"
the,guaranty,for,the,PPA,be,blackline,against,the,Enron,epc,contract,guaranty,in,favor,of,the,bank,which,be,grant,in,connection,with,we,Cabazon,Wind,Power,Project,(,the,project,most,recently,finance,by,EWC,),and,the,GPSA,guaranty,be,blackline,against,the,PPA,guaranty,.
c,o,n,n,e,c,t,i,o,n
a,relation,between,things,or,events,(as,in,the,case,of,one,causing,the,other,or,sharing,features,with,it)
"
"
**,and,i,can,upload,my,picture,and,video,on,the,computer,(,facebook,)
c,o,m,p,u,t,e,r
a,machine,for,performing,calculations,automatically
"
"
**,and,i,can,upload,my,picture,and,video,on,the,computer,(,facebook,)
c,o,m,p,u,t,e,r
a,machine,for,performing,calculations,automatically
"
"
so,you,can,pretty,much,get,whatever,deal,you,want,anytime,.
d,e,a,l
an,agreement,between,parties,(usually,arrived,at,after,discussion),fixing,obligations,of,each
"
"
on,the,internet,site,of,Monotheism,and,Holy,War,(,al,-,Tawhid,wa,al,-,Jihad,),",",the,group,allegedly,declare,",","""",we,announce,that,the,Tawhid,and,Jihad,Group,",",its,prince,and,soldier,",",have,pledge,allegiance,to,the,sheikh,of,the,mujahideen,Osama,bin,Laden,.,""""
s,i,t,e
a,computer,connected,to,the,internet,that,maintains,a,series,of,web,pages,on,the,World,Wide,Web
"
"
it,note,10,point,at,which,the,US,make,key,mistake,that,might,have,stop,Bin,Laden,'s,plot,.
p,o,i,n,t
an,instant,of,time
"
"
for,the,past,few,day,she,have,be,shiver,and,will,not,eat,but,she,could,walk,now,she,hind,leg,be,not,work,but,she,be,back,to,she,self,..,what,should,i,do,.?
l,e,g
a,human,limb;,commonly,used,to,refer,to,a,whole,limb,but,technically,only,the,part,of,the,limb,between,the,knee,and,ankle
"
"
for,the,past,few,day,she,have,be,shiver,and,will,not,eat,but,she,could,walk,now,she,hind,leg,be,not,work,but,she,be,back,to,she,self,..,what,should,i,do,.?
l,e,g
a,human,limb;,commonly,used,to,refer,to,a,whole,limb,but,technically,only,the,part,of,the,limb,between,the,knee,and,ankle
"
"
while,we,establish,schedule,of,Tuesday,and,Friday,dpr's,would,have,we,report,tomorrow,'s,activity,on,Monday,",",we,will,change,that,for,month,end,.
e,n,d
the,point,in,time,at,which,something,ends
"
"
we,have,get,a,page,dedicate,to,issue,around,hospital,(,http://www.bbc.co.uk/dna/actionnetwork/c55153,),and,a,group,call,NHS,SOS,have,already,put,up,a,campaign,about,ward,closure,in,Cumbria,.
p,a,g,e
a,boy,who,is,employed,to,run,errands
"
"
we,have,get,a,page,dedicate,to,issue,around,hospital,(,http://www.bbc.co.uk/dna/actionnetwork/c55153,),and,a,group,call,NHS,SOS,have,already,put,up,a,campaign,about,ward,closure,in,Cumbria,.
p,a,g,e
a,boy,who,is,employed,to,run,errands
"
"
also,very,friendly,and,the,stylist,be,not,in,the,"""",be,there,/,do,that,"""",mood,!
s,t,y,l,i,s,t
an,artist,who,is,a,master,of,a,particular,style
"
"
also,very,friendly,and,the,stylist,be,not,in,the,"""",be,there,/,do,that,"""",mood,!
s,t,y,l,i,s,t
an,artist,who,is,a,master,of,a,particular,style
"
"
most,troubling,",",however,",",be,the,fact,that,the,political,will,to,end,the,crisis,express,a,few,short,week,ago,seem,to,have,ebb,.
w,i,l,l
a,legal,document,declaring,a,person`s,wishes,regarding,the,disposal,of,their,property,when,they,die
"
"
most,troubling,",",however,",",be,the,fact,that,the,political,will,to,end,the,crisis,express,a,few,short,week,ago,seem,to,have,ebb,.
w,i,l,l
a,legal,document,declaring,a,person`s,wishes,regarding,the,disposal,of,their,property,when,they,die
"
"
"""",...,to,gaze,at,Wei,'s,art,be,like,enter,a,float,world,of,dream,.,""""
w,o,r,l,d
the,3rd,planet,from,the,sun;,the,planet,we,live,on
"
"
"""",...,to,gaze,at,Wei,'s,art,be,like,enter,a,float,world,of,dream,.,""""
w,o,r,l,d
the,3rd,planet,from,the,sun;,the,planet,we,live,on
"
"
the,Dow,then,rally,to,a,high,of,943,in,September,of,'67,.
h,i,g,h
a,public,secondary,school,usually,including,grades,9,through,12
"
"
the,Dow,then,rally,to,a,high,of,943,in,September,of,'67,.
h,i,g,h
a,public,secondary,school,usually,including,grades,9,through,12
"
"
the,story,have,brillant,battle,scene,",",lovable,hero,and,villian,",",a,compelling,story,line,",",and,it,leave,I,dying,for,the,next,part,of,the,series,:),go,to,taleofterra.com,to,learn,more,about,it
s,t,o,r,y
a,record,or,narrative,description,of,past,events
"
"
the,story,have,brillant,battle,scene,",",lovable,hero,and,villian,",",a,compelling,story,line,",",and,it,leave,I,dying,for,the,next,part,of,the,series,:),go,to,taleofterra.com,to,learn,more,about,it
s,t,o,r,y
a,record,or,narrative,description,of,past,events
"
"
because,Usamah,be,saudi,",",my,guess,be,that,they,be,especially,influence,by,a,extremist,form,of,the,wahhabi,school,of,Islam,that,predominate,among,Saudia,'s,some,15,million,citizen,.
f,o,r,m
a,printed,document,with,spaces,in,which,to,write
"
"
okay,",",first,",",you,have,post,a,question,about,a,american,movie,",",set,in,Mexico,",",in,the,dine,out,in,Argentina,category,.
q,u,e,s,t,i,o,n
a,sentence,of,inquiry,that,asks,for,a,reply
"
"
in,any,event,",",my,presentation,should,give,you,a,starting,point,.
p,o,i,n,t
an,instant,of,time
"
"
in,any,event,",",my,presentation,should,give,you,a,starting,point,.
p,o,i,n,t
an,instant,of,time
"
"
it,be,a,move,that,really,worry,I,;,Buffett,'s,usual,justification,for,keep,most,of,he,money,be,that,he,be,still,compound,the,value,of,he,fortune,at,a,pretty,high,rate,",",so,any,gift,now,would,mean,significantly,less,money,for,the,foundation,later,.
v,a,l,u,e
a,numerical,quantity,measured,or,assigned,or,computed
"
"
he,make,some,good,observation,on,a,few,of,the,pic',.
o,b,s,e,r,v,a,t,i,o,n
the,act,of,making,and,recording,a,measurement
"
"
he,make,some,good,observation,on,a,few,of,the,pic',.
o,b,s,e,r,v,a,t,i,o,n
the,act,of,making,and,recording,a,measurement
"
"
the,setting,feel,like,a,sushi,bar,in,NYC,;,small,",",cozy,",",but,with,flair,.
s,e,t,t,i,n,g
the,state,of,the,environment,in,which,a,situation,exists
"
"
I,will,search,he,out,before,class,or,after,that,break,and,see,if,I,can,set,it,up,.
c,l,a,s,s
education,imparted,in,a,series,of,lessons,or,meetings
"
"
I,just,want,to,check,with,you,regard,the,consulting,arrangement,we,discuss,a,couple,of,week,ago,.
a,r,r,a,n,g,e,m,e,n,t
an,organized,structure,for,arranging,or,classifying
"
"
I,just,want,to,check,with,you,regard,the,consulting,arrangement,we,discuss,a,couple,of,week,ago,.
a,r,r,a,n,g,e,m,e,n,t
an,organized,structure,for,arranging,or,classifying
"
"
