on	August	9	,	2004	,	it	be	announce	that	in	the	spring	of	2001	,	a	man	name	El	-	Shukrijumah	,	also	know	as	Jafar	the	Pilot	,	who	be	part	of	a	""""	second	wave	,	""""	have	be	case	New	York	City	helicopter	.
on	August	9	,	2004	,	it	be	announce	that	in	the	spring	of	2001	,	a	man	name	El	-	Shukrijumah	,	also	know	as	Jafar	the	Pilot	,	who	be	part	of	a	""""	second	wave	,	""""	have	be	case	New	York	City	helicopter	.
it	definitely	have	ambition	to	rule	vast	area	and	to	expand	in	all	direction	.
the	decision	be	make	by	ISO	upper	management	with	one	goal	in	mind	:	to	keep	the	light	on	.
the	decision	be	make	by	ISO	upper	management	with	one	goal	in	mind	:	to	keep	the	light	on	.
I	think	compare	to	my	house	,	he	be	embarrased	about	he	apartment	.
I	think	compare	to	my	house	,	he	be	embarrased	about	he	apartment	.
""""	it	be	very	dangerous	for	this	country	to	condone	the	overthrow	of	democratically	elect	government	,	""""	say	David	Leavy	,	spokesman	for	the	National	Security	Council	.
""""	it	be	very	dangerous	for	this	country	to	condone	the	overthrow	of	democratically	elect	government	,	""""	say	David	Leavy	,	spokesman	for	the	National	Security	Council	.
they	want	to	be	identify	as	'	Christians	'	,	and	I	fully	suspect	that	for	some	of	they	,	the	motivation	behind	they	subterfuge	be	more	than	mere	political	advantage	,	and	have	a	lot	more	to	do	with	the	black	magician	's	practice	of	the	inversion	principle	.
they	want	to	be	identify	as	'	Christians	'	,	and	I	fully	suspect	that	for	some	of	they	,	the	motivation	behind	they	subterfuge	be	more	than	mere	political	advantage	,	and	have	a	lot	more	to	do	with	the	black	magician	's	practice	of	the	inversion	principle	.
rate	can	not	go	up	without	declare	the	rate	freeze	over	in	some	fashion	---	try	to	finesse	it	.
rate	can	not	go	up	without	declare	the	rate	freeze	over	in	some	fashion	---	try	to	finesse	it	.
Ayad	Allawi	,	and	other	minister	run	on	he	list	,	have	quite	expectedly	use	they	governmental	position	in	campaigning	.
Ayad	Allawi	,	and	other	minister	run	on	he	list	,	have	quite	expectedly	use	they	governmental	position	in	campaigning	.
I	plan	on	take	two	or	three	graduate	level	finance	course	at	the	University	of	Houston	this	summer	and	fall	to	demonstrate	to	the	admission	office	that	I	can	compete	at	this	level	.
I	plan	on	take	two	or	three	graduate	level	finance	course	at	the	University	of	Houston	this	summer	and	fall	to	demonstrate	to	the	admission	office	that	I	can	compete	at	this	level	.
at	the	same	time	,	the	devil	act	through	he	other	main	puppet	with	""""	Sympathy	for	the	devil	""""	that	be	when	the	pact	of	the	Rolling	Stones	with	Satan	take	the	life	of	the	founder	of	the	group	,	the	guitarist	Brian	Jones	(	who	refuse	to	be	a	puppet	of	the	devil	)	,	murder	by	people	send	by	Mick	Jagger	,	another	assassin	.
at	the	same	time	,	the	devil	act	through	he	other	main	puppet	with	""""	Sympathy	for	the	devil	""""	that	be	when	the	pact	of	the	Rolling	Stones	with	Satan	take	the	life	of	the	founder	of	the	group	,	the	guitarist	Brian	Jones	(	who	refuse	to	be	a	puppet	of	the	devil	)	,	murder	by	people	send	by	Mick	Jagger	,	another	assassin	.
